Kabel 1|Kabel 1
MTV|MTV Central
PRW 13TH Street|13th Street
PRW Discovery Channel|Discovery Channel
PRW Disney Channel|Disney Channel
PRW FOX KIDS|Fox Kids
PRW Junior|Junior
PRW K-Toon|K-Toon
PRW Krimi & Co|Krimi &Co
PRW Planet|Planet
PRW Sci-Fantasy|Premiere Sci-Fi
PRW Studio Universal|Studio Universal
PRW Sunset|Sunset
Premiere Action|Premiere Action
Premiere Comedy|Premiere Comedy
Premiere STAR|Premiere Star
Premiere World 1|Premiere 1
Premiere World 2|Premiere 2
Premiere World 3|premiere 3
Pro Sieben|Pro-7
RTL|RTL
RTL 2|RTL2
Sat.1|Sat.1
Super RTL|Super RTL
Viva|VIVA
Vox|VOX
